"survived","passengerid","title_surname_survival","pclass","sex","age","age_bucket","fare","fare_bucket","title_grouping","is_woman_boy","family_size","is_one_family","is_mix_group","is_alone","cabin_level","embarked"
0,1,0,3,0,"22","2","7.25","0",3,0,2,0,0,1,6,0
1,2,0,1,1,"38","3","71.2833","3",1,1,2,1,0,0,2,1
1,3,0,3,1,"26","2","7.925","0",2,1,1,0,0,1,6,0
1,4,0,1,1,"35","3","53.1","2",1,1,2,1,0,0,2,0
0,5,0,3,0,"35","3","8.05","0",3,0,1,0,0,1,6,0
0,6,0,3,0,"28.32","2","8.4583","0",3,0,1,0,0,1,5,2
0,7,0,1,0,"54","5","51.8625","2",3,0,1,0,1,0,4,0
0,8,0,3,0,"2","0","21.075","0",0,1,5,1,0,0,6,0
1,9,1,3,1,"27","2","11.1333","0",1,1,3,1,0,0,6,0
1,10,0,2,1,"14","1","30.0708","1",1,1,2,1,0,0,3,1
1,11,1,3,1,"4","0","16.7","0",2,1,3,1,0,0,6,0
1,12,1,1,1,"58","5","26.55","2",2,1,1,0,0,1,2,0
0,13,0,3,0,"20","2","8.05","0",3,0,1,0,0,1,6,0
0,14,0,3,0,"39","3","31.275","0",3,0,7,1,0,0,6,0
0,15,0,3,1,"14","1","7.8542","0",2,1,1,0,0,1,6,0
1,16,0,2,1,"55","5","16","1",1,1,1,0,0,1,5,0
0,17,0,3,0,"2","0","29.125","0",0,1,6,1,0,0,5,2
1,18,0,2,0,"32.91","3","13","1",3,0,1,0,0,1,5,0
0,19,0,3,1,"31","3","18","0",1,1,4,1,0,0,6,0
1,20,0,3,1,"32.33","3","7.225","0",1,1,1,0,0,1,5,1
0,21,0,2,0,"35","3","26","1",3,0,1,0,1,0,5,0
1,22,0,2,0,"34","3","13","1",3,0,1,0,0,1,3,0
1,23,1,3,1,"15","1","8.0292","0",2,1,1,0,0,1,5,2
1,24,0,1,0,"28","2","35.5","3",3,0,1,0,0,1,0,0
0,25,0,3,1,"8","0","21.075","0",2,1,5,1,0,0,6,0
1,26,1,3,1,"38","3","31.3875","0",1,1,7,1,0,0,6,0
0,27,0,3,0,"28.32","2","7.225","0",3,0,1,0,0,1,5,1
0,28,0,1,0,"19","1","263","3",3,0,6,1,0,0,2,0
1,29,0,3,1,"17.36","1","7.8792","0",2,1,1,0,0,1,5,2
0,30,0,3,0,"28.32","2","7.8958","0",3,0,1,0,0,1,6,0
0,31,0,1,0,"40","4","27.7208","2",3,0,1,0,0,1,2,1
1,32,0,1,1,"42.89","4","146.5208","4",1,1,2,0,1,0,1,1
1,33,0,3,1,"17.36","1","7.75","0",2,1,1,0,0,1,5,2
0,34,0,2,0,"66","6","10.5","0",3,0,1,0,0,1,5,0
0,35,0,1,0,"28","2","82.1708","3",3,0,2,1,0,0,2,1
0,36,0,1,0,"42","4","52","2",3,0,2,1,0,0,2,0
1,37,0,3,0,"28.32","2","7.2292","0",3,0,1,0,0,1,5,1
0,38,0,3,0,"21","2","8.05","0",3,0,1,0,0,1,6,0
0,39,0,3,1,"18","1","18","0",2,1,3,1,0,0,6,0
1,40,1,3,1,"14","1","11.2417","0",2,1,2,1,0,0,5,1
0,41,0,3,1,"40","4","9.475","0",1,1,2,0,0,1,6,0
0,42,0,2,1,"27","2","21","0",1,1,2,1,0,0,5,0
0,43,0,3,0,"28.32","2","7.8958","0",3,0,1,0,0,1,5,1
1,44,1,2,1,"3","0","41.5792","0",2,1,4,1,0,0,3,1
1,45,0,3,1,"19","1","7.8792","0",2,1,1,0,0,1,5,2
0,46,0,3,0,"28.32","2","8.05","0",3,0,1,0,0,1,6,0
0,47,0,3,0,"28.32","2","15.5","0",3,0,2,1,0,0,5,2
1,48,0,3,1,"17.36","1","7.75","0",2,1,1,0,0,1,5,2
0,49,0,3,0,"28.32","2","21.6792","0",3,0,3,1,0,0,5,1
0,50,0,3,1,"18","1","17.8","0",1,1,2,1,0,0,6,0
0,51,0,3,0,"7","0","39.6875","0",0,1,6,0,1,0,6,0
0,52,0,3,0,"21","2","7.8","0",3,0,1,0,0,1,6,0
1,53,1,1,1,"49","4","76.7292","2",1,1,2,0,1,0,3,1
1,54,0,2,1,"29","2","26","1",1,1,2,1,0,0,5,0
0,55,0,1,0,"65","6","61.9792","2",3,0,2,1,0,0,1,1
1,56,0,1,0,"42.20","4","35.5","3",3,0,1,0,0,1,2,0
1,57,0,2,1,"21","2","10.5","0",2,1,1,0,0,1,5,0
0,58,0,3,0,"28.5","2","7.2292","0",3,0,1,0,0,1,5,1
1,59,1,2,1,"5","0","27.75","0",2,1,4,1,0,0,5,0
0,60,0,3,0,"11","1","46.9","0",0,1,8,1,0,0,6,0
0,61,0,3,0,"22","2","7.2292","0",3,0,1,0,0,1,5,1
1,62,0,1,1,"38","3","80","3",2,1,1,0,1,0,1,0
0,63,0,1,0,"45","4","83.475","3",3,0,2,1,0,0,2,0
0,64,0,3,0,"4","0","27.9","0",0,1,6,1,0,0,6,0
0,65,0,1,0,"42.20","4","27.7208","2",3,0,1,0,0,1,2,1
1,66,1,3,0,"6.09","0","15.2458","0",0,1,3,1,0,0,5,1
1,67,0,2,1,"29","2","10.5","0",1,1,1,0,0,1,5,0
0,68,0,3,0,"19","1","8.1583","0",3,0,1,0,0,1,6,0
1,69,0,3,1,"17","1","7.925","0",2,1,7,0,0,1,6,0
0,70,0,3,0,"26","2","8.6625","0",3,0,3,0,0,1,6,0
0,71,0,2,0,"32","3","10.5","0",3,0,1,0,0,1,5,0
0,72,0,3,1,"16","1","46.9","0",2,1,8,1,0,0,6,0
0,73,0,2,0,"21","2","73.5","0",3,0,1,0,1,0,5,0
0,74,0,3,0,"26","2","14.4542","0",3,0,2,1,0,0,5,1
1,75,0,3,0,"32","3","56.4958","0",3,0,1,0,1,0,6,0
0,76,0,3,0,"25","2","7.65","0",3,0,1,0,0,1,5,0
0,77,0,3,0,"28.32","2","7.8958","0",3,0,1,0,0,1,6,0
0,78,0,3,0,"28.32","2","8.05","0",3,0,1,0,0,1,6,0
1,79,1,2,0,"0.83","0","29","0",0,1,3,1,0,0,5,0
1,80,0,3,1,"30","3","12.475","0",2,1,1,0,1,0,6,0
0,81,0,3,0,"22","2","9","0",3,0,1,0,0,1,6,0
1,82,0,3,0,"29","2","9.5","0",3,0,1,0,0,1,6,0
1,83,0,3,1,"17.36","1","7.7875","0",2,1,1,0,0,1,5,2
0,84,0,1,0,"28","2","47.1","2",3,0,1,1,0,0,2,0
1,85,0,2,1,"17","1","10.5","0",2,1,1,0,0,1,5,0
1,86,0,3,1,"33","3","15.85","0",1,1,4,1,0,0,6,0
0,87,0,3,0,"16","1","34.375","0",3,0,5,1,0,0,6,0
0,88,0,3,0,"28.32","2","8.05","0",3,0,1,0,0,1,6,0
1,89,1,1,1,"23","2","263","3",2,1,6,1,0,0,2,0
0,90,0,3,0,"24","2","8.05","0",3,0,1,0,0,1,6,0
0,91,0,3,0,"29","2","8.05","0",3,0,1,0,0,1,6,0
0,92,0,3,0,"20","2","7.8542","0",3,0,1,0,0,1,6,0
0,93,0,1,0,"46","4","61.175","2",3,0,2,1,0,0,4,0
0,94,0,3,0,"26","2","20.575","0",3,0,4,1,0,0,6,0
0,95,0,3,0,"59","5","7.25","0",3,0,1,0,0,1,6,0
0,96,0,3,0,"28.32","2","8.05","0",3,0,1,0,0,1,6,0
0,97,0,1,0,"71","7","34.6542","3",3,0,1,0,0,1,0,1
1,98,0,1,0,"23","2","63.3583","2",3,0,2,1,0,0,3,1
1,99,1,2,1,"34","3","23","1",1,1,2,1,0,0,5,0
0,100,0,2,0,"34","3","26","1",3,0,2,1,0,0,5,0
0,101,0,3,1,"28","2","7.8958","0",2,1,1,0,0,1,6,0
0,102,0,3,0,"28.32","2","7.8958","0",3,0,1,0,0,1,6,0
0,103,0,1,0,"21","2","77.2875","3",3,0,2,1,0,0,3,0
0,104,0,3,0,"33","3","8.6542","0",3,0,1,0,0,1,6,0
0,105,0,3,0,"37","3","7.925","0",3,0,3,0,0,1,6,0
0,106,0,3,0,"28","2","7.8958","0",3,0,1,0,0,1,6,0
1,107,0,3,1,"21","2","7.65","0",2,1,1,0,0,1,6,0
1,108,0,3,0,"28.32","2","7.775","0",3,0,1,0,0,1,6,0
0,109,0,3,0,"38","3","7.8958","0",3,0,1,0,0,1,6,0
1,110,0,3,1,"17.36","1","24.15","0",2,1,2,0,1,0,5,2
0,111,0,1,0,"47","4","52","2",3,0,1,0,1,0,2,0
0,112,0,3,1,"14.5","1","14.4542","0",2,1,2,1,0,0,5,1
0,113,0,3,0,"22","2","8.05","0",3,0,1,0,0,1,6,0
0,114,0,3,1,"20","2","9.825","0",2,1,2,0,0,1,6,0
0,115,0,3,1,"17","1","14.4583","0",2,1,1,0,1,0,5,1
0,116,0,3,0,"21","2","7.925","0",3,0,1,0,0,1,6,0
0,117,0,3,0,"70.5","7","7.75","0",3,0,1,0,0,1,5,2
0,118,0,2,0,"29","2","21","0",3,0,2,1,0,0,5,0
0,119,0,1,0,"24","2","247.5208","5",3,0,2,0,1,0,1,1
0,120,0,3,1,"2","0","31.275","0",2,1,7,1,0,0,6,0
0,121,0,2,0,"21","2","73.5","0",3,0,3,0,1,0,5,0
0,122,0,3,0,"28.32","2","8.05","0",3,0,1,0,0,1,6,0
0,123,0,2,0,"32.5","3","30.0708","1",3,0,2,1,0,0,3,1
1,124,0,2,1,"32.5","3","13","1",2,1,1,0,0,1,4,0
0,125,0,1,0,"54","5","77.2875","3",3,0,2,1,0,0,3,0
1,126,1,3,0,"12","1","11.2417","0",0,1,2,1,0,0,5,1
0,127,0,3,0,"28.32","2","7.75","0",3,0,1,0,0,1,5,2
1,128,0,3,0,"24","2","7.1417","0",3,0,1,0,0,1,6,0
1,129,1,3,1,"17.36","1","22.3583","0",2,1,3,1,0,0,5,1
0,130,0,3,0,"45","4","6.975","0",3,0,1,0,0,1,6,0
0,131,0,3,0,"33","3","7.8958","0",3,0,1,0,0,1,5,1
0,132,0,3,0,"20","2","7.05","0",3,0,1,0,0,1,6,0
0,133,0,3,1,"47","4","14.5","0",1,1,2,1,0,0,6,0
1,134,0,2,1,"29","2","26","1",1,1,2,1,0,0,5,0
0,135,0,2,0,"25","2","13","1",3,0,1,0,0,1,5,0
0,136,0,2,0,"23","2","15.0458","1",3,0,1,0,0,1,3,1
1,137,0,1,1,"19","1","26.2833","2",2,1,3,0,0,1,3,0
0,138,0,1,0,"37","3","53.1","2",3,0,2,1,0,0,2,0
0,139,0,3,0,"16","1","9.2167","0",3,0,1,0,1,0,6,0
0,140,0,1,0,"24","2","79.2","3",3,0,1,0,1,0,1,1
0,141,0,3,1,"32.33","3","15.2458","0",1,1,3,1,0,0,5,1
1,142,0,3,1,"22","2","7.75","0",2,1,1,0,0,1,6,0
1,143,0,3,1,"24","2","15.85","0",1,1,2,1,0,0,6,0
0,144,0,3,0,"19","1","6.75","0",3,0,1,0,0,1,5,2
0,145,0,2,0,"18","1","11.5","1",3,0,1,0,0,1,5,0
0,146,0,2,0,"19","1","36.75","0",3,0,3,0,1,0,5,0
1,147,0,3,0,"27","2","7.7958","0",3,0,1,0,0,1,6,0
0,148,0,3,1,"9","0","34.375","0",2,1,5,1,0,0,6,0
0,149,0,2,0,"36.5","3","26","0",3,0,3,1,0,0,5,0
0,150,0,2,0,"42","4","13","1",3,0,1,0,0,1,5,0
0,151,0,2,0,"51","5","12.525","1",3,0,1,0,0,1,5,0
1,152,0,1,1,"22","2","66.6","3",1,1,2,1,0,0,2,0
0,153,0,3,0,"55.5","5","8.05","0",3,0,1,0,0,1,6,0
0,154,0,3,0,"40.5","4","14.5","0",3,0,3,1,0,0,6,0
0,155,0,3,0,"28.32","2","7.3125","0",3,0,1,0,0,1,6,0
0,156,0,1,0,"51","5","61.3792","2",3,0,2,1,0,0,2,1
1,157,0,3,1,"16","1","7.7333","0",2,1,1,0,0,1,5,2
0,158,0,3,0,"30","3","8.05","0",3,0,1,0,0,1,6,0
0,159,0,3,0,"28.32","2","8.6625","0",3,0,1,0,0,1,6,0
0,160,0,3,0,"6.09","0","69.55","0",0,1,11,1,0,0,6,0
0,161,0,3,0,"44","4","16.1","0",3,0,2,1,0,0,6,0
1,162,1,2,1,"40","4","15.75","0",1,1,1,1,0,0,5,0
0,163,0,3,0,"26","2","7.775","0",3,0,1,0,0,1,6,0
0,164,0,3,0,"17","1","8.6625","0",3,0,1,0,0,1,6,0
0,165,0,3,0,"1","0","39.6875","0",0,1,6,0,1,0,6,0
1,166,1,3,0,"9","0","20.525","0",0,1,3,1,0,0,6,0
1,167,0,1,1,"42.89","4","55","2",1,1,2,0,1,0,4,0
0,168,0,3,1,"45","4","27.9","0",1,1,6,1,0,0,6,0
0,169,0,1,0,"42.20","4","25.925","2",3,0,1,0,0,1,2,0
0,170,0,3,0,"28","2","56.4958","0",3,0,1,0,1,0,6,0
0,171,0,1,0,"61","6","33.5","3",3,0,1,0,0,1,1,0
0,172,0,3,0,"4","0","29.125","0",0,1,6,1,0,0,5,2
1,173,1,3,1,"1","0","11.1333","0",2,1,3,1,0,0,6,0
0,174,0,3,0,"21","2","7.925","0",3,0,1,0,0,1,6,0
0,175,0,1,0,"56","5","30.6958","2",3,0,1,0,0,1,0,1
0,176,0,3,0,"18","1","7.8542","0",3,0,3,0,0,1,6,0
0,177,0,3,0,"6.09","0","25.4667","0",0,1,5,1,0,0,6,0
0,178,0,1,1,"50","5","28.7125","2",2,1,1,0,0,1,2,1
0,179,0,2,0,"30","3","13","1",3,0,1,0,0,1,5,0
0,180,0,3,0,"36","3","0","0",3,0,1,0,1,0,6,0
0,181,0,3,1,"17.36","1","69.55","0",2,1,11,1,0,0,6,0
0,182,0,2,0,"32.91","3","15.05","1",3,0,1,0,0,1,3,1
0,183,1,3,0,"9","0","31.3875","0",0,1,7,1,0,0,6,0
1,184,1,2,0,"1","0","39","0",0,1,4,1,0,0,5,0
1,185,1,3,1,"4","0","22.025","0",2,1,5,1,0,0,6,0
0,186,0,1,0,"42.20","4","50","4",3,0,1,0,0,1,0,0
1,187,0,3,1,"32.33","3","15.5","0",1,1,2,1,0,0,5,2
1,188,0,1,0,"45","4","26.55","2",3,0,1,0,0,1,2,0
0,189,0,3,0,"40","4","15.5","0",3,0,3,1,0,0,5,2
0,190,0,3,0,"36","3","7.8958","0",3,0,1,0,0,1,6,0
1,191,0,2,1,"32","3","13","1",1,1,1,0,0,1,5,0
0,192,0,2,0,"19","1","13","1",3,0,1,0,0,1,5,0
1,193,0,3,1,"19","1","7.8542","0",2,1,2,0,0,1,6,0
1,194,1,2,0,"3","0","26","0",0,1,3,1,0,0,5,0
1,195,1,1,1,"44","4","27.7208","2",1,1,1,0,0,1,1,1
1,196,0,1,1,"58","5","146.5208","4",2,1,1,0,1,0,1,1
0,197,0,3,0,"28.32","2","7.75","0",3,0,1,0,0,1,5,2
0,198,0,3,0,"42","4","8.4042","0",3,0,2,0,0,1,6,0
1,199,0,3,1,"17.36","1","7.75","0",2,1,1,0,0,1,5,2
0,200,0,2,1,"24","2","13","1",2,1,1,0,0,1,5,0
0,201,0,3,0,"28","2","9.5","0",3,0,1,0,0,1,6,0
0,202,0,3,0,"28.32","2","69.55","0",3,0,11,1,0,0,6,0
0,203,0,3,0,"34","3","6.4958","0",3,0,1,0,0,1,6,0
0,204,0,3,0,"45.5","4","7.225","0",3,0,1,0,0,1,5,1
1,205,0,3,0,"18","1","8.05","0",3,0,1,0,0,1,6,0
0,206,0,3,1,"2","0","10.4625","0",2,1,3,1,0,0,6,0
0,207,0,3,0,"32","3","15.85","0",3,0,4,1,0,0,6,0
1,208,0,3,0,"26","2","18.7875","0",3,0,1,0,1,0,5,1
1,209,1,3,1,"16","1","7.75","0",2,1,1,0,0,1,5,2
1,210,0,1,0,"40","4","31","2",3,0,1,0,0,1,0,1
0,211,0,3,0,"24","2","7.05","0",3,0,1,0,0,1,6,0
1,212,0,2,1,"35","3","21","0",2,1,1,0,1,0,5,0
0,213,0,3,0,"22","2","7.25","0",3,0,1,0,0,1,6,0
0,214,0,2,0,"30","3","13","1",3,0,1,0,0,1,5,0
0,215,0,3,0,"28.32","2","7.75","0",3,0,2,0,0,1,5,2
1,216,1,1,1,"31","3","113.275","3",2,1,3,1,0,0,3,1
1,217,0,3,1,"27","2","7.925","0",2,1,1,0,0,1,6,0
0,218,0,2,0,"42","4","27","1",3,0,4,1,0,0,5,0
1,219,0,1,1,"32","3","76.2917","3",2,1,1,0,1,0,3,1
0,220,0,2,0,"30","3","10.5","0",3,0,1,0,0,1,5,0
1,221,0,3,0,"16","1","8.05","0",3,0,1,0,0,1,6,0
0,222,0,2,0,"27","2","13","1",3,0,1,0,0,1,5,0
0,223,0,3,0,"51","5","8.05","0",3,0,1,0,0,1,6,0
0,224,0,3,0,"28.32","2","7.8958","0",3,0,1,0,0,1,6,0
1,225,0,1,0,"38","3","90","4",3,0,2,1,0,0,2,0
0,226,0,3,0,"22","2","9.35","0",3,0,1,0,0,1,6,0
1,227,0,2,0,"19","1","10.5","0",3,0,1,0,0,1,5,0
0,228,0,3,0,"20.5","2","7.25","0",3,0,1,0,0,1,6,0
0,229,0,2,0,"18","1","13","1",3,0,1,0,0,1,5,0
0,230,0,3,1,"17.36","1","25.4667","0",2,1,5,1,0,0,6,0
1,231,0,1,1,"35","3","83.475","3",1,1,2,1,0,0,2,0
0,232,0,3,0,"29","2","7.775","0",3,0,1,0,0,1,6,0
0,233,0,2,0,"59","5","13.5","1",3,0,1,0,0,1,5,0
1,234,1,3,1,"5","0","31.3875","0",2,1,7,1,0,0,6,0
0,235,0,2,0,"24","2","10.5","0",3,0,1,0,0,1,5,0
0,236,0,3,1,"17.36","1","7.55","0",2,1,1,0,0,1,6,0
0,237,0,2,0,"44","4","26","1",3,0,2,1,0,0,5,0
1,238,1,2,1,"8","0","26.25","0",2,1,3,1,0,0,5,0
0,239,0,2,0,"19","1","10.5","0",3,0,1,0,0,1,5,0
0,240,0,2,0,"33","3","12.275","1",3,0,1,0,0,1,5,0
0,241,0,3,1,"17.36","1","14.4542","0",2,1,2,1,0,0,5,1
1,242,1,3,1,"17.36","1","15.5","0",2,1,2,1,0,0,5,2
0,243,0,2,0,"29","2","10.5","0",3,0,1,0,0,1,5,0
0,244,0,3,0,"22","2","7.125","0",3,0,1,0,0,1,6,0
0,245,0,3,0,"30","3","7.225","0",3,0,1,0,0,1,5,1
0,246,0,1,0,"44","4","90","2",3,0,3,1,0,0,2,2
0,247,0,3,1,"25","2","7.775","0",2,1,1,0,0,1,6,0
1,248,1,2,1,"24","2","14.5","0",1,1,3,1,0,0,5,0
1,249,0,1,0,"37","3","52.5542","2",3,0,3,1,0,0,3,0
0,250,0,2,0,"54","5","26","1",3,0,2,1,0,0,5,0
0,251,0,3,0,"28.32","2","7.25","0",3,0,1,0,0,1,6,0
0,252,0,3,1,"29","2","10.4625","0",1,1,3,1,0,0,6,0
0,253,0,1,0,"62","6","26.55","2",3,0,1,0,0,1,2,0
0,254,0,3,0,"30","3","16.1","0",3,0,2,1,0,0,6,0
0,255,0,3,1,"41","4","20.2125","0",1,1,3,1,0,0,6,0
1,256,1,3,1,"29","2","15.2458","0",1,1,3,1,0,0,5,1
1,257,0,1,1,"42.89","4","79.2","3",1,1,1,0,1,0,2,1
1,258,0,1,1,"30","3","86.5","2",2,1,1,0,1,0,1,0
1,259,0,1,1,"35","3","512.3292","5",2,1,1,0,1,0,2,1
1,260,0,2,1,"50","5","26","1",1,1,2,0,1,0,5,0
0,261,0,3,0,"28.32","2","7.75","0",3,0,1,0,0,1,5,2
1,262,1,3,0,"3","0","31.3875","0",0,1,7,1,0,0,6,0
0,263,0,1,0,"52","5","79.65","2",3,0,3,1,0,0,4,0
0,264,0,1,0,"40","4","0","0",3,0,1,0,0,1,1,0
0,265,0,3,1,"17.36","1","7.75","0",2,1,1,0,0,1,5,2
0,266,0,2,0,"36","3","10.5","0",3,0,1,0,0,1,5,0
0,267,0,3,0,"16","1","39.6875","0",3,0,6,0,1,0,6,0
1,268,0,3,0,"25","2","7.775","0",3,0,2,0,0,1,6,0
1,269,1,1,1,"58","5","153.4625","4",1,1,2,0,1,0,2,0
1,270,0,1,1,"35","3","135.6333","3",2,1,1,0,1,0,2,0
0,271,0,1,0,"42.20","4","31","1",3,0,1,0,1,0,2,0
1,272,0,3,0,"25","2","0","0",3,0,1,0,1,0,6,0
1,273,1,2,1,"41","4","19.5","0",1,1,2,1,0,0,5,0
0,274,0,1,0,"37","3","29.7","2",3,0,2,0,0,1,2,1
1,275,0,3,1,"17.36","1","7.75","0",2,1,1,0,0,1,5,2
1,276,0,1,1,"63","6","77.9583","2",2,1,2,0,1,0,3,0
0,277,0,3,1,"45","4","7.75","0",2,1,1,0,0,1,6,0
0,278,0,2,0,"32.91","3","0","0",3,0,1,0,1,0,5,0
0,279,0,3,0,"7","0","29.125","0",0,1,6,1,0,0,5,2
1,280,1,3,1,"35","3","20.25","0",1,1,3,1,0,0,6,0
0,281,0,3,0,"65","6","7.75","0",3,0,1,0,0,1,5,2
0,282,0,3,0,"28","2","7.8542","0",3,0,1,0,0,1,6,0
0,283,0,3,0,"16","1","9.5","0",3,0,1,0,0,1,6,0
1,284,0,3,0,"19","1","8.05","0",3,0,1,0,0,1,6,0
0,285,0,1,0,"42.20","4","26","2",3,0,1,0,0,1,0,0
0,286,0,3,0,"33","3","8.6625","0",3,0,1,0,0,1,5,1
1,287,0,3,0,"30","3","9.5","0",3,0,1,0,0,1,6,0
0,288,0,3,0,"22","2","7.8958","0",3,0,1,0,0,1,6,0
1,289,0,2,0,"42","4","13","1",3,0,1,0,0,1,5,0
1,290,1,3,1,"22","2","7.75","0",2,1,1,0,0,1,5,2
1,291,0,1,1,"26","2","78.85","2",2,1,1,0,1,0,2,0
1,292,0,1,1,"19","1","91.0792","4",1,1,2,1,0,0,1,1
0,293,0,2,0,"36","3","12.875","1",3,0,1,0,0,1,3,1
0,294,0,3,1,"24","2","8.85","0",2,1,1,0,0,1,6,0
0,295,0,3,0,"24","2","7.8958","0",3,0,1,0,0,1,6,0
0,296,0,1,0,"42.20","4","27.7208","2",3,0,1,0,0,1,2,1
0,297,0,3,0,"23.5","2","7.2292","0",3,0,1,0,0,1,5,1
0,298,0,1,1,"2","0","151.55","2",2,1,4,0,1,0,2,0
1,299,0,1,0,"42.20","4","30.5","2",3,0,1,0,0,1,2,0
1,300,0,1,1,"50","5","247.5208","5",1,1,2,0,1,0,1,1
1,301,1,3,1,"17.36","1","7.75","0",2,1,1,0,0,1,5,2
1,302,0,3,0,"28.32","2","23.25","0",3,0,3,1,0,0,5,2
0,303,0,3,0,"19","1","0","0",3,0,1,0,1,0,6,0
1,304,0,2,1,"20.72","2","12.35","1",2,1,1,0,0,1,4,2
0,305,0,3,0,"28.32","2","8.05","0",3,0,1,0,0,1,6,0
1,306,0,1,0,"0.92","0","151.55","2",0,1,4,0,1,0,2,0
1,307,1,1,1,"30.13","3","110.8833","2",2,1,1,0,1,0,2,1
1,308,0,1,1,"17","1","108.9","3",1,1,2,0,1,0,2,1
0,309,0,2,0,"30","3","24","1",3,0,2,1,0,0,3,1
1,310,0,1,1,"30","3","56.9292","2",2,1,1,0,1,0,4,1
1,311,1,1,1,"24","2","83.1583","2",2,1,1,0,1,0,2,1
1,312,1,1,1,"18","1","262.375","3",2,1,5,0,1,0,1,1
0,313,0,2,1,"26","2","26","1",1,1,3,1,0,0,5,0
0,314,0,3,0,"28","2","7.8958","0",3,0,1,0,0,1,6,0
0,315,0,2,0,"43","4","26.25","0",3,0,3,1,0,0,5,0
1,316,1,3,1,"26","2","7.8542","0",2,1,1,0,0,1,6,0
1,317,0,2,1,"24","2","26","1",1,1,2,1,0,0,5,0
0,318,0,2,0,"54","5","14","1",3,0,1,0,0,1,5,0
1,319,1,1,1,"31","3","164.8667","3",2,1,3,0,1,0,2,0
1,320,1,1,1,"40","4","134.5","2",1,1,3,0,1,0,4,1
0,321,0,3,0,"22","2","7.25","0",3,0,1,0,0,1,6,0
0,322,0,3,0,"27","2","7.8958","0",3,0,1,0,0,1,6,0
1,323,0,2,1,"30","3","12.35","1",2,1,1,0,0,1,4,2
1,324,1,2,1,"22","2","29","0",1,1,3,1,0,0,5,0
0,325,0,3,0,"28.32","2","69.55","0",3,0,11,1,0,0,6,0
1,326,0,1,1,"36","3","135.6333","3",2,1,1,0,1,0,2,1
0,327,0,3,0,"61","6","6.2375","0",3,0,1,0,0,1,6,0
1,328,0,2,1,"36","3","13","1",1,1,1,0,0,1,3,0
1,329,1,3,1,"31","3","20.525","0",1,1,3,1,0,0,6,0
1,330,1,1,1,"16","1","57.9792","2",2,1,2,1,0,0,1,1
1,331,1,3,1,"17.36","1","23.25","0",2,1,3,1,0,0,5,2
0,332,0,1,0,"45.5","4","28.5","2",3,0,1,0,0,1,2,0
0,333,0,1,0,"38","3","153.4625","4",3,0,2,0,1,0,2,0
0,334,0,3,0,"16","1","18","0",3,0,3,1,0,0,6,0
1,335,0,1,1,"42.89","4","133.65","5",1,1,3,1,0,0,2,0
0,336,0,3,0,"28.32","2","7.8958","0",3,0,1,0,0,1,6,0
0,337,0,1,0,"29","2","66.6","3",3,0,2,1,0,0,2,0
1,338,1,1,1,"41","4","134.5","2",2,1,1,0,1,0,4,1
1,339,0,3,0,"45","4","8.05","0",3,0,1,0,0,1,6,0
0,340,0,1,0,"45","4","35.5","3",3,0,1,0,0,1,7,0
1,341,1,2,0,"2","0","26","0",0,1,3,1,0,0,5,0
1,342,1,1,1,"24","2","263","3",2,1,6,1,0,0,2,0
0,343,0,2,0,"28","2","13","1",3,0,1,0,0,1,5,0
0,344,0,2,0,"25","2","13","1",3,0,1,0,0,1,5,0
0,345,0,2,0,"36","3","13","1",3,0,1,0,0,1,5,0
1,346,1,2,1,"24","2","13","1",2,1,1,0,0,1,5,0
1,347,1,2,1,"40","4","13","1",2,1,1,0,0,1,5,0
1,348,0,3,1,"32.33","3","16.1","0",1,1,2,1,0,0,6,0
1,349,1,3,0,"3","0","15.9","0",0,1,3,1,0,0,6,0
0,350,0,3,0,"42","4","8.6625","0",3,0,1,0,0,1,6,0
0,351,0,3,0,"23","2","9.225","0",3,0,1,0,0,1,6,0
0,352,0,1,0,"42.20","4","35","3",3,0,1,0,0,1,2,0
0,353,0,3,0,"15","1","7.2292","0",3,0,3,0,0,1,5,1
0,354,0,3,0,"25","2","17.8","0",3,0,2,1,0,0,6,0
0,355,0,3,0,"28.32","2","7.225","0",3,0,1,0,0,1,5,1
0,356,0,3,0,"28","2","9.5","0",3,0,1,0,0,1,6,0
1,357,0,1,1,"22","2","55","2",2,1,2,0,1,0,4,0
0,358,0,2,1,"38","3","13","1",2,1,1,0,0,1,5,0
1,359,0,3,1,"17.36","1","7.8792","0",2,1,1,0,0,1,5,2
1,360,0,3,1,"17.36","1","7.8792","0",2,1,1,0,0,1,5,2
0,361,0,3,0,"40","4","27.9","0",3,0,6,1,0,0,6,0
0,362,0,2,0,"29","2","27.7208","1",3,0,2,1,0,0,3,1
0,363,0,3,1,"45","4","14.4542","0",1,1,2,1,0,0,5,1
0,364,0,3,0,"35","3","7.05","0",3,0,1,0,0,1,6,0
0,365,0,3,0,"28.32","2","15.5","0",3,0,2,1,0,0,5,2
0,366,0,3,0,"30","3","7.25","0",3,0,1,0,0,1,6,0
1,367,0,1,1,"60","6","75.25","3",1,1,2,1,0,0,3,1
1,368,0,3,1,"32.33","3","7.2292","0",1,1,1,0,0,1,5,1
1,369,0,3,1,"17.36","1","7.75","0",2,1,1,0,0,1,5,2
1,370,0,1,1,"24","2","69.3","3",1,1,1,0,1,0,1,1
1,371,0,1,0,"25","2","55.4417","2",3,0,2,1,0,0,4,1
0,372,0,3,0,"18","1","6.4958","0",3,0,2,0,0,1,6,0
0,373,0,3,0,"19","1","8.05","0",3,0,1,0,0,1,6,0
0,374,0,1,0,"22","2","135.6333","3",3,0,1,0,1,0,2,1
0,375,0,3,1,"3","0","21.075","0",2,1,5,1,0,0,6,0
1,376,0,1,1,"42.89","4","82.1708","3",1,1,2,1,0,0,2,1
1,377,0,3,1,"22","2","7.25","0",2,1,1,0,0,1,6,0
0,378,0,1,0,"27","2","211.5","3",3,0,3,0,1,0,2,1
0,379,0,3,0,"20","2","4.0125","0",3,0,1,0,0,1,5,1
0,380,0,3,0,"19","1","7.775","0",3,0,1,0,0,1,6,0
1,381,0,1,1,"42","4","227.525","4",2,1,1,0,1,0,2,1
1,382,1,3,1,"1","0","15.7417","0",2,1,3,1,0,0,5,1
0,383,0,3,0,"32","3","7.925","0",3,0,1,0,0,1,6,0
1,384,0,1,1,"35","3","52","2",1,1,2,1,0,0,2,0
0,385,0,3,0,"28.32","2","7.8958","0",3,0,1,0,0,1,6,0
0,386,0,2,0,"18","1","73.5","0",3,0,1,0,1,0,5,0
0,387,0,3,0,"1","0","46.9","0",0,1,8,1,0,0,6,0
1,388,0,2,1,"36","3","13","1",2,1,1,0,0,1,5,0
0,389,0,3,0,"28.32","2","7.7292","0",3,0,1,0,0,1,5,2
1,390,0,2,1,"17","1","12","1",2,1,1,0,0,1,3,1
1,391,0,1,0,"36","3","120","2",3,0,4,1,0,0,1,0
1,392,0,3,0,"21","2","7.7958","0",3,0,1,0,0,1,6,0
0,393,0,3,0,"28","2","7.925","0",3,0,3,0,0,1,6,0
1,394,1,1,1,"23","2","113.275","3",2,1,3,1,0,0,3,1
1,395,1,3,1,"24","2","16.7","0",1,1,3,1,0,0,6,0
0,396,0,3,0,"22","2","7.7958","0",3,0,1,0,0,1,6,0
0,397,0,3,1,"31","3","7.8542","0",2,1,1,0,0,1,6,0
0,398,0,2,0,"46","4","26","1",3,0,1,0,1,0,5,0
0,399,0,2,0,"23","2","10.5","0",3,0,1,0,0,1,5,0
1,400,0,2,1,"28","2","12.65","1",1,1,1,0,0,1,5,0
1,401,0,3,0,"39","3","7.925","0",3,0,1,0,0,1,6,0
0,402,0,3,0,"26","2","8.05","0",3,0,1,0,0,1,6,0
0,403,0,3,1,"21","2","9.825","0",2,1,2,0,0,1,6,0
0,404,0,3,0,"28","2","15.85","0",3,0,2,1,0,0,6,0
0,405,0,3,1,"20","2","8.6625","0",2,1,1,0,0,1,6,0
0,406,0,2,0,"34","3","21","0",3,0,2,1,0,0,5,0
0,407,0,3,0,"51","5","7.75","0",3,0,1,0,0,1,6,0
1,408,1,2,0,"3","0","18.75","0",0,1,6,1,0,0,5,0
0,409,0,3,0,"21","2","7.775","0",3,0,1,0,0,1,6,0
0,410,0,3,1,"17.36","1","25.4667","0",2,1,5,1,0,0,6,0
0,411,0,3,0,"28.32","2","7.8958","0",3,0,1,0,0,1,6,0
0,412,0,3,0,"28.32","2","6.8583","0",3,0,1,0,0,1,5,2
1,413,1,1,1,"33","3","90","2",2,1,3,1,0,0,2,2
0,414,0,2,0,"32.91","3","0","0",3,0,1,0,1,0,5,0
1,415,0,3,0,"44","4","7.925","0",3,0,1,0,0,1,6,0
0,416,0,3,1,"32.33","3","8.05","0",1,1,1,0,0,1,6,0
1,417,1,2,1,"34","3","32.5","0",1,1,3,1,0,0,5,0
1,418,0,2,1,"18","1","13","1",2,1,3,0,0,1,5,0
0,419,0,2,0,"30","3","13","1",3,0,1,0,0,1,5,0
0,420,0,3,1,"10","1","24.15","0",2,1,3,1,0,0,6,0
0,421,0,3,0,"28.32","2","7.8958","0",3,0,1,0,0,1,5,1
0,422,0,3,0,"21","2","7.7333","0",3,0,1,0,0,1,5,2
0,423,0,3,0,"29","2","7.875","0",3,0,1,0,0,1,6,0
0,424,0,3,1,"28","2","14.4","0",1,1,3,1,0,0,6,0
0,425,0,3,0,"18","1","20.2125","0",3,0,3,1,0,0,6,0
0,426,0,3,0,"28.32","2","7.25","0",3,0,1,0,0,1,6,0
1,427,0,2,1,"28","2","26","1",1,1,2,1,0,0,5,0
1,428,1,2,1,"19","1","26","1",2,1,1,0,1,0,5,0
0,429,0,3,0,"28.32","2","7.75","0",3,0,1,0,0,1,5,2
1,430,0,3,0,"32","3","8.05","0",3,0,1,0,0,1,4,0
1,431,0,1,0,"28","2","26.55","2",3,0,1,0,0,1,2,0
1,432,0,3,1,"32.33","3","16.1","0",1,1,2,1,0,0,6,0
1,433,0,2,1,"42","4","26","1",1,1,2,1,0,0,5,0
0,434,0,3,0,"17","1","7.125","0",3,0,1,0,0,1,6,0
0,435,0,1,0,"50","5","55.9","2",3,0,2,1,0,0,4,0
1,436,1,1,1,"14","1","120","2",2,1,4,1,0,0,1,0
0,437,0,3,1,"21","2","34.375","0",2,1,5,1,0,0,6,0
1,438,1,2,1,"24","2","18.75","0",1,1,6,1,0,0,5,0
0,439,0,1,0,"64","6","263","3",3,0,6,1,0,0,2,0
0,440,0,2,0,"31","3","10.5","0",3,0,1,0,0,1,5,0
1,441,1,2,1,"45","4","26.25","0",1,1,3,1,0,0,5,0
0,442,0,3,0,"20","2","9.5","0",3,0,1,0,0,1,6,0
0,443,0,3,0,"25","2","7.775","0",3,0,2,0,0,1,6,0
1,444,0,2,1,"28","2","13","1",1,1,1,0,0,1,5,0
1,445,0,3,0,"28.32","2","8.1125","0",3,0,1,0,0,1,6,0
1,446,1,1,0,"4","0","81.8583","2",0,1,3,1,0,0,0,0
1,447,1,2,1,"13","1","19.5","0",2,1,2,1,0,0,5,0
1,448,0,1,0,"34","3","26.55","2",3,0,1,0,0,1,2,0
1,449,1,3,1,"5","0","19.2583","0",2,1,4,1,0,0,5,1
1,450,0,1,0,"52","5","30.5","2",3,0,1,0,0,1,2,0
0,451,0,2,0,"36","3","27.75","0",3,0,4,1,0,0,5,0
0,452,0,3,0,"28.32","2","19.9667","1",3,0,2,0,0,1,6,0
0,453,0,1,0,"30","3","27.75","2",3,0,1,0,0,1,2,1
1,454,0,1,0,"49","4","89.1042","4",3,0,2,1,0,0,2,1
0,455,0,3,0,"28.32","2","8.05","0",3,0,1,0,0,1,6,0
1,456,0,3,0,"29","2","7.8958","0",3,0,1,0,0,1,5,1
0,457,0,1,0,"65","6","26.55","2",3,0,1,0,0,1,4,0
1,458,0,1,1,"42.89","4","51.8625","2",1,1,2,1,0,0,3,0
1,459,0,2,1,"50","5","10.5","0",2,1,1,0,0,1,5,0
0,460,0,3,0,"28.32","2","7.75","0",3,0,1,0,0,1,5,2
1,461,0,1,0,"48","4","26.55","2",3,0,1,0,0,1,4,0
0,462,0,3,0,"34","3","8.05","0",3,0,1,0,0,1,6,0
0,463,0,1,0,"47","4","38.5","3",3,0,1,0,0,1,4,0
0,464,0,2,0,"48","4","13","1",3,0,1,0,0,1,5,0
0,465,0,3,0,"28.32","2","8.05","0",3,0,1,0,0,1,6,0
0,466,0,3,0,"38","3","7.05","0",3,0,1,0,0,1,6,0
0,467,0,2,0,"32.91","3","0","0",3,0,1,0,1,0,5,0
0,468,0,1,0,"56","5","26.55","2",3,0,1,0,0,1,2,0
0,469,0,3,0,"28.32","2","7.725","0",3,0,1,0,0,1,5,2
1,470,1,3,1,"0.75","0","19.2583","0",2,1,4,1,0,0,5,1
0,471,0,3,0,"28.32","2","7.25","0",3,0,1,0,0,1,6,0
0,472,0,3,0,"38","3","8.6625","0",3,0,1,0,0,1,6,0
1,473,1,2,1,"33","3","27.75","0",1,1,4,1,0,0,5,0
1,474,0,2,1,"23","2","13.7917","1",1,1,1,0,0,1,3,1
0,475,0,3,1,"22","2","9.8375","0",2,1,1,0,0,1,6,0
0,476,0,1,0,"42.20","4","52","2",3,0,1,0,1,0,0,0
0,477,0,2,0,"34","3","21","0",3,0,4,1,0,0,5,0
0,478,0,3,0,"29","2","7.0458","0",3,0,2,0,0,1,6,0
0,479,0,3,0,"22","2","7.5208","0",3,0,1,0,0,1,6,0
1,480,1,3,1,"2","0","12.2875","0",2,1,3,1,0,0,6,0
0,481,0,3,0,"9","0","46.9","0",0,1,8,1,0,0,6,0
0,482,0,2,0,"32.91","3","0","0",3,0,1,0,0,1,5,0
0,483,0,3,0,"50","5","8.05","0",3,0,1,0,0,1,6,0
1,484,0,3,1,"63","6","9.5875","0",1,1,1,0,0,1,6,0
1,485,0,1,0,"25","2","91.0792","4",3,0,2,1,0,0,1,1
0,486,0,3,1,"17.36","1","25.4667","0",2,1,5,1,0,0,6,0
1,487,0,1,1,"35","3","90","4",1,1,2,1,0,0,2,0
0,488,0,1,0,"58","5","29.7","2",3,0,1,0,0,1,1,1
0,489,0,3,0,"30","3","8.05","0",3,0,1,0,0,1,6,0
1,490,1,3,0,"9","0","15.9","0",0,1,3,1,0,0,6,0
0,491,0,3,0,"28.32","2","19.9667","1",3,0,2,0,0,1,6,0
0,492,0,3,0,"21","2","7.25","0",3,0,1,0,0,1,6,0
0,493,0,1,0,"55","5","30.5","2",3,0,1,0,0,1,2,0
0,494,0,1,0,"71","7","49.5042","4",3,0,1,0,0,1,2,1
0,495,0,3,0,"21","2","8.05","0",3,0,1,0,0,1,6,0
0,496,0,3,0,"28.32","2","14.4583","0",3,0,1,0,1,0,5,1
1,497,0,1,1,"54","5","78.2667","3",2,1,2,0,1,0,3,1
0,498,0,3,0,"28.32","2","15.1","0",3,0,1,0,1,0,6,0
0,499,0,1,1,"25","2","151.55","2",1,1,4,0,1,0,2,0
0,500,0,3,0,"24","2","7.7958","0",3,0,1,0,0,1,6,0
0,501,0,3,0,"17","1","8.6625","0",3,0,1,0,0,1,6,0
0,502,0,3,1,"21","2","7.75","0",2,1,1,0,0,1,5,2
0,503,0,3,1,"17.36","1","7.6292","0",2,1,1,0,0,1,5,2
0,504,0,3,1,"37","3","9.5875","0",2,1,1,0,0,1,6,0
1,505,0,1,1,"16","1","86.5","2",2,1,1,0,1,0,1,0
0,506,0,1,0,"18","1","108.9","3",3,0,2,0,1,0,2,1
1,507,1,2,1,"33","3","26","0",1,1,3,1,0,0,5,0
1,508,0,1,0,"42.20","4","26.55","2",3,0,1,0,0,1,2,0
0,509,0,3,0,"28","2","22.525","0",3,0,1,0,1,0,6,0
1,510,0,3,0,"26","2","56.4958","0",3,0,1,0,1,0,6,0
1,511,0,3,0,"29","2","7.75","0",3,0,1,0,0,1,5,2
0,512,0,3,0,"28.32","2","8.05","0",3,0,1,0,0,1,6,0
1,513,0,1,0,"36","3","26.2875","2",3,0,1,0,0,1,4,0
1,514,0,1,1,"54","5","59.4","2",1,1,2,1,0,0,2,1
0,515,0,3,0,"24","2","7.4958","0",3,0,1,0,0,1,6,0
0,516,0,1,0,"47","4","34.0208","3",3,0,1,0,0,1,3,0
1,517,0,2,1,"34","3","10.5","0",1,1,1,0,0,1,5,0
0,518,0,3,0,"28.32","2","24.15","0",3,0,1,0,1,0,5,2
1,519,0,2,1,"36","3","26","1",1,1,2,1,0,0,5,0
0,520,0,3,0,"32","3","7.8958","0",3,0,1,0,0,1,6,0
1,521,0,1,1,"30","3","93.5","2",2,1,1,0,1,0,1,0
0,522,0,3,0,"22","2","7.8958","0",3,0,1,0,0,1,6,0
0,523,0,3,0,"28.32","2","7.225","0",3,0,1,0,0,1,5,1
1,524,1,1,1,"44","4","57.9792","2",1,1,2,1,0,0,1,1
0,525,0,3,0,"28.32","2","7.2292","0",3,0,1,0,0,1,5,1
0,526,0,3,0,"40.5","4","7.75","0",3,0,1,0,0,1,5,2
1,527,0,2,1,"50","5","10.5","0",2,1,1,0,0,1,5,0
0,528,0,1,0,"42.20","4","221.7792","5",3,0,1,0,1,0,2,0
0,529,0,3,0,"39","3","7.925","0",3,0,1,0,0,1,6,0
0,530,0,2,0,"23","2","11.5","1",3,0,4,0,0,1,5,0
1,531,1,2,1,"2","0","26","0",2,1,3,1,0,0,5,0
0,532,0,3,0,"28.32","2","7.2292","0",3,0,1,0,0,1,5,1
0,533,0,3,0,"17","1","7.2292","0",3,0,3,0,0,1,5,1
1,534,1,3,1,"32.33","3","22.3583","0",1,1,3,1,0,0,5,1
0,535,0,3,1,"30","3","8.6625","0",2,1,1,0,0,1,6,0
1,536,1,2,1,"7","0","26.25","0",2,1,3,1,0,0,5,0
0,537,0,1,0,"45","4","26.55","2",3,0,1,0,0,1,1,0
1,538,0,1,1,"30","3","106.425","3",2,1,1,0,1,0,2,1
0,539,0,3,0,"28.32","2","14.5","0",3,0,1,1,0,0,6,0
1,540,0,1,1,"22","2","49.5","4",2,1,3,0,0,1,1,1
1,541,1,1,1,"36","3","71","3",2,1,3,1,0,0,1,0
0,542,0,3,1,"9","0","31.275","0",2,1,7,1,0,0,6,0
0,543,0,3,1,"11","1","31.275","0",2,1,7,1,0,0,6,0
1,544,0,2,0,"32","3","26","1",3,0,2,1,0,0,5,0
0,545,0,1,0,"50","5","106.425","3",3,0,2,0,1,0,2,1
0,546,0,1,0,"64","6","26","2",3,0,1,0,0,1,2,0
1,547,0,2,1,"19","1","26","1",1,1,2,1,0,0,5,0
1,548,0,2,0,"32.91","3","13.8625","1",3,0,1,0,0,1,3,1
0,549,0,3,0,"33","3","20.525","0",3,0,3,1,0,0,6,0
1,550,1,2,0,"8","0","36.75","0",0,1,3,0,1,0,5,0
1,551,0,1,0,"17","1","110.8833","2",3,0,3,0,1,0,2,1
0,552,0,2,0,"27","2","26","1",3,0,1,0,1,0,5,0
0,553,0,3,0,"28.32","2","7.8292","0",3,0,1,0,0,1,5,2
1,554,0,3,0,"22","2","7.225","0",3,0,1,0,0,1,5,1
1,555,0,3,1,"22","2","7.775","0",2,1,1,0,0,1,6,0
0,556,0,1,0,"62","6","26.55","2",3,0,1,0,0,1,2,0
1,557,0,1,1,"48","4","39.6","3",1,1,2,0,0,1,0,1
0,558,0,1,0,"42.20","4","227.525","4",3,0,1,0,1,0,2,1
1,559,1,1,1,"39","3","79.65","2",1,1,3,1,0,0,4,0
1,560,0,3,1,"36","3","17.4","0",1,1,2,1,0,0,6,0
0,561,0,3,0,"28.32","2","7.75","0",3,0,1,0,0,1,5,2
0,562,0,3,0,"40","4","7.8958","0",3,0,1,0,0,1,6,0
0,563,0,2,0,"28","2","13.5","1",3,0,1,0,0,1,5,0
0,564,0,3,0,"28.32","2","8.05","0",3,0,1,0,0,1,6,0
0,565,0,3,1,"17.36","1","8.05","0",2,1,1,0,0,1,6,0
0,566,0,3,0,"24","2","24.15","0",3,0,3,0,1,0,6,0
0,567,0,3,0,"19","1","7.8958","0",3,0,1,0,0,1,6,0
0,568,0,3,1,"29","2","21.075","0",1,1,5,1,0,0,6,0
0,569,0,3,0,"28.32","2","7.2292","0",3,0,1,0,0,1,5,1
1,570,0,3,0,"32","3","7.8542","0",3,0,1,0,0,1,6,0
1,571,0,2,0,"62","6","10.5","0",3,0,1,0,0,1,5,0
1,572,0,1,1,"53","5","51.4792","2",1,1,3,0,1,0,2,0
1,573,0,1,0,"36","3","26.3875","2",3,0,1,0,0,1,4,0
1,574,1,3,1,"17.36","1","7.75","0",2,1,1,0,0,1,5,2
0,575,0,3,0,"16","1","8.05","0",3,0,1,0,0,1,6,0
0,576,0,3,0,"19","1","14.5","0",3,0,1,0,1,0,6,0
1,577,0,2,1,"34","3","13","1",2,1,1,0,0,1,5,0
1,578,0,1,1,"39","3","55.9","2",1,1,2,1,0,0,4,0
0,579,0,3,1,"32.33","3","14.4583","0",1,1,2,1,0,0,5,1
1,580,0,3,0,"32","3","7.925","0",3,0,1,0,0,1,6,0
1,581,1,2,1,"25","2","30","1",2,1,3,1,0,0,5,0
1,582,0,1,1,"39","3","110.8833","2",1,1,3,0,1,0,2,1
0,583,0,2,0,"54","5","26","1",3,0,1,0,1,0,5,0
0,584,0,1,0,"36","3","40.125","3",3,0,1,0,0,1,0,1
0,585,0,3,0,"28.32","2","8.7125","0",3,0,1,0,0,1,5,1
1,586,1,1,1,"18","1","79.65","2",2,1,3,1,0,0,4,0
0,587,0,2,0,"47","4","15","1",3,0,1,0,0,1,5,0
1,588,0,1,0,"60","6","79.2","3",3,0,3,1,0,0,1,1
0,589,0,3,0,"22","2","8.05","0",3,0,1,0,0,1,6,0
0,590,0,3,0,"28.32","2","8.05","0",3,0,1,0,0,1,6,0
0,591,0,3,0,"35","3","7.125","0",3,0,1,0,0,1,6,0
1,592,0,1,1,"52","5","78.2667","3",1,1,2,0,1,0,3,1
0,593,0,3,0,"47","4","7.25","0",3,0,1,0,0,1,6,0
0,594,0,3,1,"17.36","1","7.75","0",2,1,3,0,0,1,5,2
0,595,0,2,0,"37","3","26","1",3,0,2,1,0,0,5,0
0,596,0,3,0,"36","3","24.15","0",3,0,3,1,0,0,6,0
1,597,0,2,1,"20.72","2","33","1",2,1,1,0,1,0,5,0
0,598,0,3,0,"49","4","0","0",3,0,1,0,1,0,6,0
0,599,0,3,0,"28.32","2","7.225","0",3,0,1,0,0,1,5,1
1,600,0,1,0,"49","4","56.9292","2",3,0,2,0,1,0,0,1
1,601,0,2,1,"24","2","27","1",1,1,4,1,0,0,5,0
0,602,0,3,0,"28.32","2","7.8958","0",3,0,1,0,0,1,6,0
0,603,0,1,0,"42.20","4","42.4","1",3,0,1,0,1,0,2,0
0,604,0,3,0,"44","4","8.05","0",3,0,1,0,0,1,6,0
1,605,0,1,0,"35","3","26.55","2",3,0,1,0,0,1,2,1
0,606,0,3,0,"36","3","15.55","0",3,0,2,1,0,0,6,0
0,607,0,3,0,"30","3","7.8958","0",3,0,1,0,0,1,6,0
1,608,0,1,0,"27","2","30.5","2",3,0,1,0,0,1,2,0
1,609,1,2,1,"22","2","41.5792","0",1,1,4,1,0,0,3,1
1,610,0,1,1,"40","4","153.4625","4",2,1,1,0,1,0,2,0
0,611,0,3,1,"39","3","31.275","0",1,1,7,1,0,0,6,0
0,612,0,3,0,"28.32","2","7.05","0",3,0,1,0,0,1,6,0
1,613,1,3,1,"17.36","1","15.5","0",2,1,2,1,0,0,5,2
0,614,0,3,0,"28.32","2","7.75","0",3,0,1,0,0,1,5,2
0,615,0,3,0,"35","3","8.05","0",3,0,1,0,0,1,6,0
1,616,1,2,1,"24","2","65","1",2,1,4,0,1,0,5,0
0,617,0,3,0,"34","3","14.4","0",3,0,3,1,0,0,6,0
0,618,0,3,1,"26","2","16.1","0",1,1,2,1,0,0,6,0
1,619,1,2,1,"4","0","39","0",2,1,4,1,0,0,5,0
0,620,0,2,0,"26","2","10.5","0",3,0,1,0,0,1,5,0
0,621,0,3,0,"27","2","14.4542","0",3,0,2,1,0,0,5,1
1,622,0,1,0,"42","4","52.5542","2",3,0,2,1,0,0,3,0
1,623,0,3,0,"20","2","15.7417","0",3,0,3,1,0,0,5,1
0,624,0,3,0,"21","2","7.8542","0",3,0,1,0,0,1,6,0
0,625,0,3,0,"21","2","16.1","0",3,0,1,0,1,0,6,0
0,626,0,1,0,"61","6","32.3208","2",3,0,1,0,0,1,3,0
0,627,0,2,0,"57","5","12.35","1",3,0,1,0,0,1,4,2
1,628,0,1,1,"21","2","77.9583","2",2,1,1,0,1,0,3,0
0,629,0,3,0,"26","2","7.8958","0",3,0,1,0,0,1,6,0
0,630,0,3,0,"28.32","2","7.7333","0",3,0,1,0,0,1,5,2
1,631,0,1,0,"80","7","30","2",3,0,1,0,0,1,0,0
0,632,0,3,0,"51","5","7.0542","0",3,0,1,0,0,1,6,0
1,633,0,1,0,"32","3","30.5","2",3,0,1,0,0,1,1,1
0,634,0,1,0,"42.20","4","0","0",3,0,1,0,0,1,2,0
0,635,0,3,1,"9","0","27.9","0",2,1,6,1,0,0,6,0
1,636,0,2,1,"28","2","13","1",2,1,1,0,0,1,5,0
0,637,0,3,0,"32","3","7.925","0",3,0,1,0,0,1,6,0
0,638,0,2,0,"31","3","26.25","0",3,0,3,1,0,0,5,0
0,639,0,3,1,"41","4","39.6875","0",1,1,6,0,1,0,6,0
0,640,0,3,0,"28.32","2","16.1","0",3,0,2,1,0,0,6,0
0,641,0,3,0,"20","2","7.8542","0",3,0,1,0,0,1,6,0
1,642,0,1,1,"24","2","69.3","3",2,1,1,0,1,0,1,1
0,643,0,3,1,"2","0","27.9","0",2,1,6,1,0,0,6,0
1,644,0,3,0,"28.32","2","56.4958","0",3,0,1,0,1,0,6,0
1,645,1,3,1,"0.75","0","19.2583","0",2,1,4,1,0,0,5,1
1,646,0,1,0,"48","4","76.7292","2",3,0,2,0,1,0,3,1
0,647,0,3,0,"19","1","7.8958","0",3,0,1,0,0,1,6,0
1,648,0,1,0,"56","5","35.5","3",3,0,1,0,0,1,0,1
0,649,0,3,0,"28.32","2","7.55","0",3,0,1,0,0,1,6,0
1,650,0,3,1,"23","2","7.55","0",2,1,1,0,0,1,6,0
0,651,0,3,0,"28.32","2","7.8958","0",3,0,1,0,0,1,6,0
1,652,1,2,1,"18","1","23","1",2,1,2,1,0,0,5,0
0,653,0,3,0,"21","2","8.4333","0",3,0,1,0,0,1,6,0
1,654,0,3,1,"17.36","1","7.8292","0",2,1,1,0,0,1,5,2
0,655,0,3,1,"18","1","6.75","0",2,1,1,0,0,1,5,2
0,656,0,2,0,"24","2","73.5","0",3,0,3,0,1,0,5,0
0,657,0,3,0,"28.32","2","7.8958","0",3,0,1,0,0,1,6,0
0,658,0,3,1,"32","3","15.5","0",1,1,3,1,0,0,5,2
0,659,0,2,0,"23","2","13","1",3,0,1,0,0,1,5,0
0,660,0,1,0,"58","5","113.275","3",3,0,3,1,0,0,3,1
1,661,0,1,0,"50","5","133.65","5",3,0,3,1,0,0,2,0
0,662,0,3,0,"40","4","7.225","0",3,0,1,0,0,1,5,1
0,663,0,1,0,"47","4","25.5875","2",3,0,1,0,0,1,4,0
0,664,0,3,0,"36","3","7.4958","0",3,0,1,0,0,1,6,0
1,665,0,3,0,"20","2","7.925","0",3,0,2,0,0,1,6,0
0,666,0,2,0,"32","3","73.5","0",3,0,3,0,1,0,5,0
0,667,0,2,0,"25","2","13","1",3,0,1,0,0,1,5,0
0,668,0,3,0,"28.32","2","7.775","0",3,0,1,0,0,1,6,0
0,669,0,3,0,"43","4","8.05","0",3,0,1,0,0,1,6,0
1,670,0,1,1,"42.89","4","52","2",1,1,2,1,0,0,2,0
1,671,1,2,1,"40","4","39","1",1,1,3,1,0,0,5,0
0,672,0,1,0,"31","3","52","2",3,0,4,1,0,0,1,0
0,673,0,2,0,"70","7","10.5","0",3,0,1,0,0,1,5,0
1,674,0,2,0,"31","3","13","1",3,0,1,0,0,1,5,0
0,675,0,2,0,"32.91","3","0","0",3,0,1,0,0,1,5,0
0,676,0,3,0,"18","1","7.775","0",3,0,1,0,0,1,6,0
0,677,0,3,0,"24.5","2","8.05","0",3,0,1,0,0,1,6,0
1,678,0,3,1,"18","1","9.8417","0",2,1,1,0,0,1,6,0
0,679,0,3,1,"43","4","46.9","0",1,1,8,1,0,0,6,0
1,680,0,1,0,"36","3","512.3292","5",3,0,2,0,1,0,1,1
0,681,0,3,1,"17.36","1","8.1375","0",2,1,1,0,0,1,5,2
1,682,0,1,0,"27","2","76.7292","2",3,0,1,0,1,0,3,1
0,683,0,3,0,"20","2","9.225","0",3,0,1,0,0,1,6,0
0,684,0,3,0,"14","1","46.9","0",3,0,8,1,0,0,6,0
0,685,0,2,0,"60","6","39","1",3,0,3,1,0,0,5,0
0,686,0,2,0,"25","2","41.5792","0",3,0,4,1,0,0,3,1
0,687,0,3,0,"14","1","39.6875","0",3,0,6,0,1,0,6,0
0,688,0,3,0,"19","1","10.1708","0",3,0,1,0,0,1,6,0
0,689,0,3,0,"18","1","7.7958","0",3,0,1,0,0,1,6,0
1,690,0,1,1,"15","1","211.3375","4",2,1,2,0,1,0,1,0
1,691,0,1,0,"31","3","57","2",3,0,2,1,0,0,1,0
1,692,0,3,1,"4","0","13.4167","0",2,1,2,1,0,0,5,1
1,693,0,3,0,"28.32","2","56.4958","0",3,0,1,0,1,0,6,0
0,694,0,3,0,"25","2","7.225","0",3,0,1,0,0,1,5,1
0,695,0,1,0,"60","6","26.55","2",3,0,1,0,0,1,2,0
0,696,0,2,0,"52","5","13.5","1",3,0,1,0,0,1,5,0
0,697,0,3,0,"44","4","8.05","0",3,0,1,0,0,1,6,0
1,698,0,3,1,"17.36","1","7.7333","0",2,1,1,0,0,1,5,2
0,699,0,1,0,"49","4","110.8833","2",3,0,3,0,1,0,2,1
0,700,0,3,0,"42","4","7.65","0",3,0,1,0,0,1,5,0
1,701,0,1,1,"18","1","227.525","4",1,1,2,0,1,0,2,1
1,702,0,1,0,"35","3","26.2875","2",3,0,1,0,0,1,4,0
0,703,0,3,1,"18","1","14.4542","0",2,1,2,1,0,0,5,1
0,704,0,3,0,"25","2","7.7417","0",3,0,1,0,0,1,5,2
0,705,0,3,0,"26","2","7.8542","0",3,0,2,0,0,1,6,0
0,706,0,2,0,"39","3","26","1",3,0,1,0,1,0,5,0
1,707,1,2,1,"45","4","13.5","1",1,1,1,0,0,1,5,0
1,708,0,1,0,"42","4","26.2875","2",3,0,1,0,0,1,4,0
1,709,0,1,1,"22","2","151.55","2",2,1,1,0,1,0,2,0
1,710,1,3,0,"6.09","0","15.2458","0",0,1,3,1,0,0,5,1
1,711,0,1,1,"24","2","49.5042","4",2,1,1,0,0,1,2,1
0,712,0,1,0,"42.20","4","26.55","2",3,0,1,0,0,1,2,0
1,713,0,1,0,"48","4","52","2",3,0,2,1,0,0,2,0
0,714,0,3,0,"29","2","9.4833","0",3,0,1,0,0,1,6,0
0,715,0,2,0,"52","5","13","0",3,0,1,0,1,0,5,0
0,716,0,3,0,"19","1","7.65","0",3,0,1,0,0,1,5,0
1,717,0,1,1,"38","3","227.525","4",2,1,1,0,1,0,2,1
1,718,0,2,1,"27","2","10.5","0",2,1,1,0,0,1,4,0
0,719,0,3,0,"28.32","2","15.5","0",3,0,1,0,1,0,5,2
0,720,0,3,0,"33","3","7.775","0",3,0,1,0,0,1,6,0
1,721,1,2,1,"6","0","33","1",2,1,2,0,1,0,5,0
0,722,0,3,0,"17","1","7.0542","0",3,0,2,0,0,1,6,0
0,723,0,2,0,"34","3","13","1",3,0,1,0,0,1,5,0
0,724,0,2,0,"50","5","13","1",3,0,1,0,0,1,5,0
1,725,0,1,0,"27","2","53.1","2",3,0,2,1,0,0,4,0
0,726,0,3,0,"20","2","8.6625","0",3,0,1,0,0,1,6,0
1,727,0,2,1,"30","3","21","0",1,1,4,1,0,0,5,0
1,728,0,3,1,"17.36","1","7.7375","0",2,1,1,0,0,1,5,2
0,729,0,2,0,"25","2","26","1",3,0,2,1,0,0,5,0
0,730,0,3,1,"25","2","7.925","0",2,1,2,0,0,1,6,0
1,731,0,1,1,"29","2","211.3375","4",2,1,1,0,1,0,1,0
0,732,0,3,0,"11","1","18.7875","0",3,0,1,0,1,0,5,1
0,733,0,2,0,"32.91","3","0","0",3,0,1,0,0,1,5,0
0,734,0,2,0,"23","2","13","1",3,0,1,0,0,1,5,0
0,735,0,2,0,"23","2","13","1",3,0,1,0,0,1,5,0
0,736,0,3,0,"28.5","2","16.1","0",3,0,1,0,1,0,6,0
0,737,0,3,1,"48","4","34.375","0",1,1,5,1,0,0,6,0
1,738,0,1,0,"35","3","512.3292","5",3,0,1,0,1,0,1,1
0,739,0,3,0,"28.32","2","7.8958","0",3,0,1,0,0,1,6,0
0,740,0,3,0,"28.32","2","7.8958","0",3,0,1,0,0,1,6,0
1,741,0,1,0,"42.20","4","30","2",3,0,1,0,0,1,3,0
0,742,0,1,0,"36","3","78.85","2",3,0,2,0,1,0,2,0
1,743,1,1,1,"21","2","262.375","3",2,1,5,0,1,0,1,1
0,744,0,3,0,"24","2","16.1","0",3,0,2,1,0,0,6,0
1,745,0,3,0,"31","3","7.925","0",3,0,1,0,0,1,6,0
0,746,0,1,0,"70","7","71","3",3,0,3,1,0,0,1,0
0,747,0,3,0,"16","1","20.25","0",3,0,3,1,0,0,6,0
1,748,0,2,1,"30","3","13","1",2,1,1,0,0,1,5,0
0,749,0,1,0,"19","1","53.1","2",3,0,2,1,0,0,3,0
0,750,0,3,0,"31","3","7.75","0",3,0,1,0,0,1,5,2
1,751,1,2,1,"4","0","23","0",2,1,3,1,0,0,5,0
1,752,1,3,0,"6","0","12.475","0",0,1,2,1,0,0,4,0
0,753,0,3,0,"33","3","9.5","0",3,0,1,0,0,1,6,0
0,754,0,3,0,"23","2","7.8958","0",3,0,1,0,0,1,6,0
1,755,1,2,1,"48","4","65","1",1,1,4,0,1,0,5,0
1,756,1,2,0,"0.67","0","14.5","0",0,1,3,1,0,0,5,0
0,757,0,3,0,"28","2","7.7958","0",3,0,1,0,0,1,6,0
0,758,0,2,0,"18","1","11.5","1",3,0,1,0,0,1,5,0
0,759,0,3,0,"34","3","8.05","0",3,0,1,0,0,1,6,0
1,760,0,1,1,"33","3","86.5","2",1,1,1,0,1,0,1,0
0,761,0,3,0,"28.32","2","14.5","0",3,0,1,0,1,0,6,0
0,762,0,3,0,"41","4","7.125","0",3,0,1,0,0,1,6,0
1,763,0,3,0,"20","2","7.2292","0",3,0,1,0,0,1,5,1
1,764,1,1,1,"36","3","120","2",1,1,4,1,0,0,1,0
0,765,0,3,0,"16","1","7.775","0",3,0,1,0,0,1,6,0
1,766,0,1,1,"51","5","77.9583","2",1,1,2,0,1,0,3,0
0,767,0,1,0,"42.20","4","39.6","3",3,0,1,0,0,1,2,1
0,768,0,3,1,"30.5","3","7.75","0",2,1,1,0,0,1,5,2
0,769,0,3,0,"28.32","2","24.15","0",3,0,2,0,1,0,5,2
0,770,0,3,0,"32","3","8.3625","0",3,0,1,0,0,1,6,0
0,771,0,3,0,"24","2","9.5","0",3,0,1,0,0,1,6,0
0,772,0,3,0,"48","4","7.8542","0",3,0,1,0,0,1,6,0
0,773,0,2,1,"57","5","10.5","0",1,1,1,0,1,0,4,0
0,774,0,3,0,"28.32","2","7.225","0",3,0,1,0,0,1,5,1
1,775,1,2,1,"54","5","23","1",1,1,5,1,0,0,5,0
0,776,0,3,0,"18","1","7.75","0",3,0,1,0,0,1,6,0
0,777,0,3,0,"28.32","2","7.75","0",3,0,1,0,0,1,5,2
1,778,0,3,1,"5","0","12.475","0",2,1,1,0,1,0,6,0
0,779,0,3,0,"28.32","2","7.7375","0",3,0,1,0,0,1,5,2
1,780,0,1,1,"43","4","211.3375","4",1,1,2,0,1,0,1,0
1,781,0,3,1,"13","1","7.2292","0",2,1,1,0,0,1,5,1
1,782,0,1,1,"17","1","57","2",1,1,2,1,0,0,1,0
0,783,0,1,0,"29","2","30","2",3,0,1,0,0,1,3,0
0,784,0,3,0,"28.32","2","23.45","0",3,0,4,1,0,0,6,0
0,785,0,3,0,"25","2","7.05","0",3,0,1,0,0,1,6,0
0,786,0,3,0,"25","2","7.25","0",3,0,1,0,0,1,6,0
1,787,0,3,1,"18","1","7.4958","0",2,1,1,0,0,1,6,0
0,788,0,3,0,"8","0","29.125","0",0,1,6,1,0,0,5,2
1,789,1,3,0,"1","0","20.575","0",0,1,4,1,0,0,6,0
0,790,0,1,0,"46","4","79.2","3",3,0,1,0,1,0,1,1
0,791,0,3,0,"28.32","2","7.75","0",3,0,1,0,0,1,5,2
0,792,0,2,0,"16","1","26","1",3,0,1,0,1,0,5,0
0,793,0,3,1,"17.36","1","69.55","0",2,1,11,1,0,0,6,0
0,794,0,1,0,"42.20","4","30.6958","2",3,0,1,0,0,1,2,1
0,795,0,3,0,"25","2","7.8958","0",3,0,1,0,0,1,6,0
0,796,0,2,0,"39","3","13","1",3,0,1,0,0,1,5,0
1,797,0,1,1,"49","4","25.9292","2",1,1,1,0,0,1,3,0
1,798,0,3,1,"31","3","8.6833","0",1,1,1,0,0,1,6,0
0,799,0,3,0,"30","3","7.2292","0",3,0,1,0,0,1,5,1
0,800,0,3,1,"30","3","24.15","0",1,1,3,1,0,0,6,0
0,801,0,2,0,"34","3","13","0",3,0,1,0,1,0,5,0
1,802,1,2,1,"31","3","26.25","0",1,1,3,1,0,0,5,0
1,803,1,1,0,"11","1","120","2",0,1,4,1,0,0,1,0
1,804,1,3,0,"0.42","0","8.5167","0",0,1,3,1,0,0,5,1
1,805,0,3,0,"27","2","6.975","0",3,0,1,0,0,1,6,0
0,806,0,3,0,"31","3","7.775","0",3,0,1,0,0,1,6,0
0,807,0,1,0,"39","3","0","0",3,0,1,0,0,1,0,0
0,808,0,3,1,"18","1","7.775","0",2,1,1,0,0,1,6,0
0,809,0,2,0,"39","3","13","1",3,0,1,0,0,1,5,0
1,810,0,1,1,"33","3","53.1","2",1,1,2,1,0,0,4,0
0,811,0,3,0,"26","2","7.8875","0",3,0,1,0,0,1,6,0
0,812,0,3,0,"39","3","24.15","0",3,0,1,0,1,0,6,0
0,813,0,2,0,"35","3","10.5","0",3,0,1,0,0,1,5,0
0,814,0,3,1,"6","0","31.275","0",2,1,7,1,0,0,6,0
0,815,0,3,0,"30.5","3","8.05","0",3,0,1,0,0,1,6,0
0,816,0,1,0,"42.20","4","0","0",3,0,1,0,1,0,1,0
0,817,0,3,1,"23","2","7.925","0",2,1,1,0,0,1,6,0
0,818,0,2,0,"31","3","37.0042","1",3,0,3,1,0,0,3,1
0,819,0,3,0,"43","4","6.45","0",3,0,1,0,0,1,6,0
0,820,0,3,0,"10","1","27.9","0",0,1,6,1,0,0,6,0
1,821,1,1,1,"52","5","93.5","2",1,1,3,0,1,0,1,0
1,822,0,3,0,"27","2","8.6625","0",3,0,1,0,0,1,6,0
0,823,0,1,0,"38","3","0","0",3,0,1,0,0,1,2,0
1,824,1,3,1,"27","2","12.475","0",1,1,2,1,0,0,4,0
0,825,0,3,0,"2","0","39.6875","0",0,1,6,0,1,0,6,0
0,826,0,3,0,"28.32","2","6.95","0",3,0,1,0,0,1,5,2
0,827,0,3,0,"28.32","2","56.4958","0",3,0,1,0,1,0,6,0
1,828,1,2,0,"1","0","37.0042","1",0,1,3,1,0,0,3,1
1,829,0,3,0,"28.32","2","7.75","0",3,0,1,0,0,1,5,2
1,830,0,1,1,"62","6","80","3",1,1,1,0,1,0,1,0
1,831,0,3,1,"15","1","14.4542","0",1,1,2,1,0,0,5,1
1,832,1,2,0,"0.83","0","18.75","0",0,1,6,1,0,0,5,0
0,833,0,3,0,"28.32","2","7.2292","0",3,0,1,0,0,1,5,1
0,834,0,3,0,"23","2","7.8542","0",3,0,1,0,0,1,6,0
0,835,0,3,0,"18","1","8.3","0",3,0,1,0,0,1,6,0
1,836,1,1,1,"39","3","83.1583","2",2,1,3,1,0,0,4,1
0,837,0,3,0,"21","2","8.6625","0",3,0,1,0,0,1,6,0
0,838,0,3,0,"28.32","2","8.05","0",3,0,1,0,0,1,6,0
1,839,0,3,0,"32","3","56.4958","0",3,0,1,0,1,0,6,0
1,840,0,1,0,"42.20","4","29.7","2",3,0,1,0,0,1,2,1
0,841,0,3,0,"20","2","7.925","0",3,0,1,0,0,1,6,0
0,842,0,2,0,"16","1","10.5","0",3,0,1,0,1,0,5,0
1,843,0,1,1,"30","3","31","1",2,1,1,0,1,0,2,1
0,844,0,3,0,"34.5","3","6.4375","0",3,0,1,0,0,1,5,1
0,845,0,3,0,"17","1","8.6625","0",3,0,1,0,0,1,6,0
0,846,0,3,0,"42","4","7.55","0",3,0,1,0,0,1,6,0
0,847,0,3,0,"28.32","2","69.55","0",3,0,11,1,0,0,6,0
0,848,0,3,0,"35","3","7.8958","0",3,0,1,0,0,1,5,1
0,849,0,2,0,"28","2","33","1",3,0,2,0,1,0,5,0
1,850,0,1,1,"42.89","4","89.1042","4",1,1,2,1,0,0,2,1
0,851,0,3,0,"4","0","31.275","0",0,1,7,1,0,0,6,0
0,852,0,3,0,"74","7","7.775","0",3,0,1,0,0,1,6,0
0,853,0,3,1,"9","0","15.2458","0",2,1,3,1,0,0,5,1
1,854,1,1,1,"16","1","39.4","1",2,1,2,1,0,0,3,0
0,855,1,2,1,"44","4","26","1",1,1,2,1,0,0,5,0
1,856,1,3,1,"18","1","9.35","0",1,1,2,1,0,0,6,0
1,857,1,1,1,"45","4","164.8667","3",1,1,3,0,1,0,2,0
1,858,0,1,0,"51","5","26.55","2",3,0,1,0,0,1,4,0
1,859,1,3,1,"24","2","19.2583","0",1,1,4,1,0,0,5,1
0,860,0,3,0,"28.32","2","7.2292","0",3,0,1,0,0,1,5,1
0,861,0,3,0,"41","4","14.1083","0",3,0,3,1,0,0,6,0
0,862,0,2,0,"21","2","11.5","1",3,0,2,0,0,1,5,0
1,863,0,1,1,"48","4","25.9292","2",1,1,1,0,0,1,3,0
0,864,0,3,1,"17.36","1","69.55","0",2,1,11,1,0,0,6,0
0,865,0,2,0,"24","2","13","1",3,0,1,0,0,1,5,0
1,866,0,2,1,"42","4","13","1",1,1,1,0,0,1,5,0
1,867,1,2,1,"27","2","13.8583","1",2,1,2,0,0,1,3,1
0,868,0,1,0,"31","3","50.4958","4",3,0,1,0,0,1,0,0
0,869,0,3,0,"28.32","2","9.5","0",3,0,1,0,0,1,6,0
1,870,1,3,0,"4","0","11.1333","0",0,1,3,1,0,0,6,0
0,871,0,3,0,"26","2","7.8958","0",3,0,1,0,0,1,6,0
1,872,0,1,1,"47","4","52.5542","2",1,1,3,1,0,0,3,0
0,873,0,1,0,"33","3","5","0",3,0,1,0,0,1,1,0
0,874,0,3,0,"47","4","9","0",3,0,1,0,0,1,6,0
1,875,0,2,1,"28","2","24","1",1,1,2,1,0,0,3,1
1,876,0,3,1,"15","1","7.225","0",2,1,1,0,0,1,5,1
0,877,0,3,0,"20","2","9.8458","0",3,0,1,0,1,0,6,0
0,878,0,3,0,"19","1","7.8958","0",3,0,1,0,0,1,6,0
0,879,0,3,0,"28.32","2","7.8958","0",3,0,1,0,0,1,6,0
1,880,0,1,1,"56","5","83.1583","2",1,1,2,0,1,0,2,1
1,881,0,2,1,"25","2","26","1",1,1,2,0,1,0,5,0
0,882,0,3,0,"33","3","7.8958","0",3,0,1,0,0,1,6,0
0,883,0,3,1,"22","2","10.5167","0",2,1,1,0,0,1,6,0
0,884,0,2,0,"28","2","10.5","0",3,0,1,0,0,1,5,0
0,885,0,3,0,"25","2","7.05","0",3,0,1,0,0,1,6,0
0,886,0,3,1,"39","3","29.125","0",1,1,6,1,0,0,5,2
0,887,0,2,0,"27","2","13","1",3,0,1,0,0,1,5,0
1,888,1,1,1,"19","1","30","2",2,1,1,0,0,1,1,0
0,889,0,3,1,"17.36","1","23.45","0",2,1,4,1,0,0,6,0
1,890,0,1,0,"26","2","30","2",3,0,1,0,0,1,2,1
0,891,0,3,0,"32","3","7.75","0",3,0,1,0,0,1,5,2
